observed_at_utc,watch_id,leg,origin,dest,flight_date,price_eur,dep,arr,days_to_flight
2026-09-21T08:04:16Z,kerst2026,out,EIN,GRO,2026-12-26,145.99,11:20,13:15,96
2026-09-21T08:04:16Z,kerst2026,out,EIN,GRO,2026-12-28,83.99,09:25,11:20,98
2026-09-21T08:04:16Z,kerst2026,ret,GRO,EIN,2027-01-02,228.99,08:45,10:55,103
2026-09-21T08:04:16Z,kerst2026,ret,GRO,EIN,2027-01-04,147.99,06:50,09:00,105
2026-09-21T10:00:56Z,kerst2026,out,EIN,GRO,2026-12-26,145.99,11:20,13:15,96
2026-09-21T10:00:56Z,kerst2026,out,EIN,GRO,2026-12-28,85.99,09:25,11:20,98
2026-09-21T10:00:56Z,kerst2026,ret,GRO,EIN,2027-01-02,228.99,08:45,10:55,103
2026-09-21T10:00:56Z,kerst2026,ret,GRO,EIN,2027-01-04,147.99,06:50,09:00,105
2026-09-21T12:00:58Z,kerst2026,out,EIN,GRO,2026-12-26,145.99,11:20,13:15,96
2026-09-21T12:00:58Z,kerst2026,out,EIN,GRO,2026-12-28,85.99,09:25,11:20,98
2026-09-21T12:00:58Z,kerst2026,ret,GRO,EIN,2027-01-02,228.99,08:45,10:55,103
2026-09-21T12:00:58Z,kerst2026,ret,GRO,EIN,2027-01-04,147.99,06:50,09:00,105
2026-09-21T14:01:09Z,kerst2026,out,EIN,GRO,2026-12-26,145.99,11:20,13:15,96
2026-09-21T14:01:09Z,kerst2026,out,EIN,GRO,2026-12-28,85.99,09:25,11:20,98
2026-09-21T14:01:09Z,kerst2026,ret,GRO,EIN,2027-01-02,228.99,08:45,10:55,103
2026-09-21T14:01:09Z,kerst2026,ret,GRO,EIN,2027-01-04,147.99,06:50,09:00,105
2026-09-21T16:00:57Z,kerst2026,out,EIN,GRO,2026-12-26,145.99,11:20,13:15,96
2026-09-21T16:00:57Z,kerst2026,out,EIN,GRO,2026-12-28,85.99,09:25,11:20,98
2026-09-21T16:00:57Z,kerst2026,ret,GRO,EIN,2027-01-02,228.99,08:45,10:55,103
2026-09-21T16:00:57Z,kerst2026,ret,GRO,EIN,2027-01-04,147.99,06:50,09:00,105
2026-09-21T18:01:26Z,kerst2026,out,EIN,GRO,2026-12-26,145.99,11:20,13:15,96
2026-09-21T18:01:26Z,kerst2026,out,EIN,GRO,2026-12-28,85.99,09:25,11:20,98
2026-09-21T18:01:26Z,kerst2026,ret,GRO,EIN,2027-01-02,228.99,08:45,10:55,103
2026-09-21T18:01:26Z,kerst2026,ret,GRO,EIN,2027-01-04,147.99,06:50,09:00,105
2026-09-21T20:01:09Z,kerst2026,out,EIN,GRO,2026-12-26,145.99,11:20,13:15,96
2026-09-21T20:01:09Z,kerst2026,out,EIN,GRO,2026-12-28,85.99,09:25,11:20,98
2026-09-21T20:01:09Z,kerst2026,ret,GRO,EIN,2027-01-02,228.99,08:45,10:55,103
2026-09-21T20:01:09Z,kerst2026,ret,GRO,EIN,2027-01-04,147.99,06:50,09:00,105
2026-09-21T22:01:11Z,kerst2026,out,EIN,GRO,2026-12-26,145.99,11:20,13:15,96
2026-09-21T22:01:11Z,kerst2026,out,EIN,GRO,2026-12-28,85.99,09:25,11:20,98
2026-09-21T22:01:11Z,kerst2026,ret,GRO,EIN,2027-01-02,228.99,08:45,10:55,103
2026-09-21T22:01:11Z,kerst2026,ret,GRO,EIN,2027-01-04,147.99,06:50,09:00,105
2026-09-22T00:01:20Z,kerst2026,out,EIN,GRO,2026-12-26,145.99,11:20,13:15,95
2026-09-22T00:01:20Z,kerst2026,out,EIN,GRO,2026-12-28,85.99,09:25,11:20,97
2026-09-22T00:01:20Z,kerst2026,ret,GRO,EIN,2027-01-02,228.99,08:45,10:55,102
2026-09-22T00:01:20Z,kerst2026,ret,GRO,EIN,2027-01-04,147.99,06:50,09:00,104
2026-09-22T02:01:12Z,kerst2026,out,EIN,GRO,2026-12-26,145.99,11:20,13:15,95
2026-09-22T02:01:12Z,kerst2026,out,EIN,GRO,2026-12-28,85.99,09:25,11:20,97
2026-09-22T02:01:12Z,kerst2026,ret,GRO,EIN,2027-01-02,228.99,08:45,10:55,102
2026-09-22T02:01:12Z,kerst2026,ret,GRO,EIN,2027-01-04,147.99,06:50,09:00,104
2026-09-22T04:01:03Z,kerst2026,out,EIN,GRO,2026-12-26,145.99,11:20,13:15,95
2026-09-22T04:01:03Z,kerst2026,out,EIN,GRO,2026-12-28,85.99,09:25,11:20,97
2026-09-22T04:01:03Z,kerst2026,ret,GRO,EIN,2027-01-02,228.99,08:45,10:55,102
2026-09-22T04:01:03Z,kerst2026,ret,GRO,EIN,2027-01-04,147.99,06:50,09:00,104
2026-09-22T06:01:05Z,kerst2026,out,EIN,GRO,2026-12-26,145.99,11:20,13:15,95
2026-09-22T06:01:05Z,kerst2026,out,EIN,GRO,2026-12-28,85.99,09:25,11:20,97
2026-09-22T06:01:05Z,kerst2026,ret,GRO,EIN,2027-01-02,228.99,08:45,10:55,102
2026-09-22T06:01:05Z,kerst2026,ret,GRO,EIN,2027-01-04,147.99,06:50,09:00,104
2026-09-22T08:00:59Z,kerst2026,out,EIN,GRO,2026-12-26,143.99,11:20,13:15,95
2026-09-22T08:00:59Z,kerst2026,out,EIN,GRO,2026-12-28,85.99,09:25,11:20,97
2026-09-22T08:00:59Z,kerst2026,ret,GRO,EIN,2027-01-02,226.99,08:45,10:55,102
2026-09-22T08:00:59Z,kerst2026,ret,GRO,EIN,2027-01-04,147.99,06:50,09:00,104
2026-09-22T10:01:17Z,kerst2026,out,EIN,GRO,2026-12-26,143.99,11:20,13:15,95
2026-09-22T10:01:17Z,kerst2026,out,EIN,GRO,2026-12-28,85.99,09:25,11:20,97
2026-09-22T10:01:17Z,kerst2026,ret,GRO,EIN,2027-01-02,226.99,08:45,10:55,102
2026-09-22T10:01:17Z,kerst2026,ret,GRO,EIN,2027-01-04,147.99,06:50,09:00,104
2026-09-22T12:01:05Z,kerst2026,out,EIN,GRO,2026-12-26,143.99,11:20,13:15,95
2026-09-22T12:01:05Z,kerst2026,out,EIN,GRO,2026-12-28,85.99,09:25,11:20,97
2026-09-22T12:01:05Z,kerst2026,ret,GRO,EIN,2027-01-02,226.99,08:45,10:55,102
2026-09-22T12:01:05Z,kerst2026,ret,GRO,EIN,2027-01-04,147.99,06:50,09:00,104
2026-09-22T14:01:13Z,kerst2026,out,EIN,GRO,2026-12-26,143.99,11:20,13:15,95
2026-09-22T14:01:13Z,kerst2026,out,EIN,GRO,2026-12-28,85.99,09:25,11:20,97
2026-09-22T14:01:13Z,kerst2026,ret,GRO,EIN,2027-01-02,226.99,08:45,10:55,102
2026-09-22T14:01:13Z,kerst2026,ret,GRO,EIN,2027-01-04,147.99,06:50,09:00,104
2026-09-22T16:01:03Z,kerst2026,out,EIN,GRO,2026-12-26,143.99,11:20,13:15,95
2026-09-22T16:01:03Z,kerst2026,out,EIN,GRO,2026-12-28,85.99,09:25,11:20,97
2026-09-22T16:01:03Z,kerst2026,ret,GRO,EIN,2027-01-02,226.99,08:45,10:55,102
2026-09-22T16:01:03Z,kerst2026,ret,GRO,EIN,2027-01-04,147.99,06:50,09:00,104
2026-09-22T18:01:21Z,kerst2026,out,EIN,GRO,2026-12-26,143.99,11:20,13:15,95
2026-09-22T18:01:21Z,kerst2026,out,EIN,GRO,2026-12-28,85.99,09:25,11:20,97
2026-09-22T18:01:21Z,kerst2026,ret,GRO,EIN,2027-01-02,226.99,08:45,10:55,102
2026-09-22T18:01:21Z,kerst2026,ret,GRO,EIN,2027-01-04,147.99,06:50,09:00,104
2026-09-22T20:00:51Z,kerst2026,out,EIN,GRO,2026-12-26,143.99,11:20,13:15,95
2026-09-22T20:00:51Z,kerst2026,out,EIN,GRO,2026-12-28,85.99,09:25,11:20,97
2026-09-22T20:00:51Z,kerst2026,ret,GRO,EIN,2027-01-02,226.99,08:45,10:55,102
2026-09-22T20:00:51Z,kerst2026,ret,GRO,EIN,2027-01-04,147.99,06:50,09:00,104
2026-09-22T22:01:07Z,kerst2026,out,EIN,GRO,2026-12-26,143.99,11:20,13:15,95
2026-09-22T22:01:07Z,kerst2026,out,EIN,GRO,2026-12-28,85.99,09:25,11:20,97
2026-09-22T22:01:07Z,kerst2026,ret,GRO,EIN,2027-01-02,226.99,08:45,10:55,102
2026-09-22T22:01:07Z,kerst2026,ret,GRO,EIN,2027-01-04,147.99,06:50,09:00,104
2026-09-23T00:00:59Z,kerst2026,out,EIN,GRO,2026-12-26,143.99,11:20,13:15,94
2026-09-23T00:00:59Z,kerst2026,out,EIN,GRO,2026-12-28,85.99,09:25,11:20,96
2026-09-23T00:00:59Z,kerst2026,ret,GRO,EIN,2027-01-02,226.99,08:45,10:55,101
2026-09-23T00:00:59Z,kerst2026,ret,GRO,EIN,2027-01-04,147.99,06:50,09:00,103
2026-09-23T02:01:00Z,kerst2026,out,EIN,GRO,2026-12-26,143.99,11:20,13:15,94
2026-09-23T02:01:00Z,kerst2026,out,EIN,GRO,2026-12-28,85.99,09:25,11:20,96
2026-09-23T02:01:00Z,kerst2026,ret,GRO,EIN,2027-01-02,226.99,08:45,10:55,101
2026-09-23T02:01:00Z,kerst2026,ret,GRO,EIN,2027-01-04,147.99,06:50,09:00,103
2026-09-23T04:00:55Z,kerst2026,out,EIN,GRO,2026-12-26,143.99,11:20,13:15,94
2026-09-23T04:00:55Z,kerst2026,out,EIN,GRO,2026-12-28,85.99,09:25,11:20,96
2026-09-23T04:00:55Z,kerst2026,ret,GRO,EIN,2027-01-02,226.99,08:45,10:55,101
2026-09-23T04:00:55Z,kerst2026,ret,GRO,EIN,2027-01-04,147.99,06:50,09:00,103
2026-09-23T06:01:13Z,kerst2026,out,EIN,GRO,2026-12-26,143.99,11:20,13:15,94
2026-09-23T06:01:13Z,kerst2026,out,EIN,GRO,2026-12-28,85.99,09:25,11:20,96
2026-09-23T06:01:13Z,kerst2026,ret,GRO,EIN,2027-01-02,226.99,08:45,10:55,101
2026-09-23T06:01:13Z,kerst2026,ret,GRO,EIN,2027-01-04,147.99,06:50,09:00,103
2026-09-23T08:00:50Z,kerst2026,out,EIN,GRO,2026-12-26,141.99,11:20,13:15,94
2026-09-23T08:00:50Z,kerst2026,out,EIN,GRO,2026-12-28,85.99,09:25,11:20,96
2026-09-23T08:00:50Z,kerst2026,ret,GRO,EIN,2027-01-02,224.99,08:45,10:55,101
2026-09-23T08:00:50Z,kerst2026,ret,GRO,EIN,2027-01-04,147.99,06:50,09:00,103
2026-09-23T10:00:52Z,kerst2026,out,EIN,GRO,2026-12-26,141.99,11:20,13:15,94
2026-09-23T10:00:52Z,kerst2026,out,EIN,GRO,2026-12-28,85.99,09:25,11:20,96
2026-09-23T10:00:52Z,kerst2026,ret,GRO,EIN,2027-01-02,224.99,08:45,10:55,101
2026-09-23T10:00:52Z,kerst2026,ret,GRO,EIN,2027-01-04,147.99,06:50,09:00,103
2026-09-23T12:01:10Z,kerst2026,out,EIN,GRO,2026-12-26,133.99,11:20,13:15,94
2026-09-23T12:01:10Z,kerst2026,out,EIN,GRO,2026-12-28,85.99,09:25,11:20,96
2026-09-23T12:01:10Z,kerst2026,ret,GRO,EIN,2027-01-02,224.99,08:45,10:55,101
2026-09-23T12:01:10Z,kerst2026,ret,GRO,EIN,2027-01-04,147.99,06:50,09:00,103
2026-09-23T14:01:14Z,kerst2026,out,EIN,GRO,2026-12-26,133.99,11:20,13:15,94
2026-09-23T14:01:14Z,kerst2026,out,EIN,GRO,2026-12-28,85.99,09:25,11:20,96
2026-09-23T14:01:14Z,kerst2026,ret,GRO,EIN,2027-01-02,224.99,08:45,10:55,101
2026-09-23T14:01:14Z,kerst2026,ret,GRO,EIN,2027-01-04,147.99,06:50,09:00,103
2026-09-23T16:01:06Z,kerst2026,out,EIN,GRO,2026-12-26,133.99,11:20,13:15,94
2026-09-23T16:01:06Z,kerst2026,out,EIN,GRO,2026-12-28,85.99,09:25,11:20,96
2026-09-23T16:01:06Z,kerst2026,ret,GRO,EIN,2027-01-02,224.99,08:45,10:55,101
2026-09-23T16:01:06Z,kerst2026,ret,GRO,EIN,2027-01-04,147.99,06:50,09:00,103
2026-09-23T18:00:56Z,kerst2026,out,EIN,GRO,2026-12-26,133.99,11:20,13:15,94
2026-09-23T18:00:56Z,kerst2026,out,EIN,GRO,2026-12-28,85.99,09:25,11:20,96
2026-09-23T18:00:56Z,kerst2026,ret,GRO,EIN,2027-01-02,224.99,08:45,10:55,101
2026-09-23T18:00:56Z,kerst2026,ret,GRO,EIN,2027-01-04,147.99,06:50,09:00,103
2026-09-23T20:01:20Z,kerst2026,out,EIN,GRO,2026-12-26,133.99,11:20,13:15,94
2026-09-23T20:01:20Z,kerst2026,out,EIN,GRO,2026-12-28,85.99,09:25,11:20,96
2026-09-23T20:01:20Z,kerst2026,ret,GRO,EIN,2027-01-02,224.99,08:45,10:55,101
2026-09-23T20:01:20Z,kerst2026,ret,GRO,EIN,2027-01-04,147.99,06:50,09:00,103
2026-09-23T22:00:51Z,kerst2026,out,EIN,GRO,2026-12-26,133.99,11:20,13:15,94
2026-09-23T22:00:51Z,kerst2026,out,EIN,GRO,2026-12-28,85.99,09:25,11:20,96
2026-09-23T22:00:51Z,kerst2026,ret,GRO,EIN,2027-01-02,224.99,08:45,10:55,101
2026-09-23T22:00:51Z,kerst2026,ret,GRO,EIN,2027-01-04,147.99,06:50,09:00,103
2026-09-24T00:01:03Z,kerst2026,out,EIN,GRO,2026-12-26,133.99,11:20,13:15,93
2026-09-24T00:01:03Z,kerst2026,out,EIN,GRO,2026-12-28,85.99,09:25,11:20,95
2026-09-24T00:01:03Z,kerst2026,ret,GRO,EIN,2027-01-02,224.99,08:45,10:55,100
2026-09-24T00:01:03Z,kerst2026,ret,GRO,EIN,2027-01-04,147.99,06:50,09:00,102
2026-09-24T02:00:59Z,kerst2026,out,EIN,GRO,2026-12-26,133.99,11:20,13:15,93
2026-09-24T02:00:59Z,kerst2026,out,EIN,GRO,2026-12-28,85.99,09:25,11:20,95
2026-09-24T02:00:59Z,kerst2026,ret,GRO,EIN,2027-01-02,224.99,08:45,10:55,100
2026-09-24T02:00:59Z,kerst2026,ret,GRO,EIN,2027-01-04,147.99,06:50,09:00,102
2026-09-24T04:00:57Z,kerst2026,out,EIN,GRO,2026-12-26,133.99,11:20,13:15,93
2026-09-24T04:00:57Z,kerst2026,out,EIN,GRO,2026-12-28,85.99,09:25,11:20,95
2026-09-24T04:00:57Z,kerst2026,ret,GRO,EIN,2027-01-02,224.99,08:45,10:55,100
2026-09-24T04:00:57Z,kerst2026,ret,GRO,EIN,2027-01-04,147.99,06:50,09:00,102
2026-09-24T06:01:27Z,kerst2026,out,EIN,GRO,2026-12-26,133.99,11:20,13:15,93
2026-09-24T06:01:27Z,kerst2026,out,EIN,GRO,2026-12-28,85.99,09:25,11:20,95
2026-09-24T06:01:27Z,kerst2026,ret,GRO,EIN,2027-01-02,224.99,08:45,10:55,100
2026-09-24T06:01:27Z,kerst2026,ret,GRO,EIN,2027-01-04,147.99,06:50,09:00,102
2026-09-24T08:01:08Z,kerst2026,out,EIN,GRO,2026-12-26,131.99,11:20,13:15,93
2026-09-24T08:01:08Z,kerst2026,out,EIN,GRO,2026-12-28,85.99,09:25,11:20,95
2026-09-24T08:01:08Z,kerst2026,ret,GRO,EIN,2027-01-02,222.99,08:45,10:55,100
2026-09-24T08:01:08Z,kerst2026,ret,GRO,EIN,2027-01-04,147.99,06:50,09:00,102
2026-09-24T10:01:20Z,kerst2026,out,EIN,GRO,2026-12-26,131.99,11:20,13:15,93
2026-09-24T10:01:20Z,kerst2026,out,EIN,GRO,2026-12-28,85.99,09:25,11:20,95
2026-09-24T10:01:20Z,kerst2026,ret,GRO,EIN,2027-01-02,222.99,08:45,10:55,100
2026-09-24T10:01:20Z,kerst2026,ret,GRO,EIN,2027-01-04,147.99,06:50,09:00,102
2026-09-24T12:00:58Z,kerst2026,out,EIN,GRO,2026-12-26,128.99,11:20,13:15,93
2026-09-24T12:00:58Z,kerst2026,out,EIN,GRO,2026-12-28,85.99,09:25,11:20,95
2026-09-24T12:00:58Z,kerst2026,ret,GRO,EIN,2027-01-02,222.99,08:45,10:55,100
2026-09-24T12:00:58Z,kerst2026,ret,GRO,EIN,2027-01-04,147.99,06:50,09:00,102
2026-09-24T14:01:26Z,kerst2026,out,EIN,GRO,2026-12-26,128.99,11:20,13:15,93
2026-09-24T14:01:26Z,kerst2026,out,EIN,GRO,2026-12-28,85.99,09:25,11:20,95
2026-09-24T14:01:26Z,kerst2026,ret,GRO,EIN,2027-01-02,222.99,08:45,10:55,100
2026-09-24T14:01:26Z,kerst2026,ret,GRO,EIN,2027-01-04,147.99,06:50,09:00,102
2026-09-24T16:01:13Z,kerst2026,out,EIN,GRO,2026-12-26,128.99,11:20,13:15,93
2026-09-24T16:01:13Z,kerst2026,out,EIN,GRO,2026-12-28,85.99,09:25,11:20,95
2026-09-24T16:01:13Z,kerst2026,ret,GRO,EIN,2027-01-02,222.99,08:45,10:55,100
2026-09-24T16:01:13Z,kerst2026,ret,GRO,EIN,2027-01-04,147.99,06:50,09:00,102
2026-09-24T18:01:03Z,kerst2026,out,EIN,GRO,2026-12-26,128.99,11:20,13:15,93
2026-09-24T18:01:03Z,kerst2026,out,EIN,GRO,2026-12-28,85.99,09:25,11:20,95
2026-09-24T18:01:03Z,kerst2026,ret,GRO,EIN,2027-01-02,222.99,08:45,10:55,100
2026-09-24T18:01:03Z,kerst2026,ret,GRO,EIN,2027-01-04,147.99,06:50,09:00,102
2026-09-24T20:01:14Z,kerst2026,out,EIN,GRO,2026-12-26,128.99,11:20,13:15,93
2026-09-24T20:01:14Z,kerst2026,out,EIN,GRO,2026-12-28,85.99,09:25,11:20,95
2026-09-24T20:01:14Z,kerst2026,ret,GRO,EIN,2027-01-02,222.99,08:45,10:55,100
2026-09-24T20:01:14Z,kerst2026,ret,GRO,EIN,2027-01-04,147.99,06:50,09:00,102
2026-09-24T22:00:56Z,kerst2026,out,EIN,GRO,2026-12-26,128.99,11:20,13:15,93
2026-09-24T22:00:56Z,kerst2026,out,EIN,GRO,2026-12-28,85.99,09:25,11:20,95
2026-09-24T22:00:56Z,kerst2026,ret,GRO,EIN,2027-01-02,222.99,08:45,10:55,100
2026-09-24T22:00:56Z,kerst2026,ret,GRO,EIN,2027-01-04,147.99,06:50,09:00,102
2026-09-25T00:01:13Z,kerst2026,out,EIN,GRO,2026-12-26,128.99,11:20,13:15,92
2026-09-25T00:01:13Z,kerst2026,out,EIN,GRO,2026-12-28,85.99,09:25,11:20,94
2026-09-25T00:01:13Z,kerst2026,ret,GRO,EIN,2027-01-02,222.99,08:45,10:55,99
2026-09-25T00:01:13Z,kerst2026,ret,GRO,EIN,2027-01-04,147.99,06:50,09:00,101
2026-09-25T02:01:04Z,kerst2026,out,EIN,GRO,2026-12-26,128.99,11:20,13:15,92
2026-09-25T02:01:04Z,kerst2026,out,EIN,GRO,2026-12-28,85.99,09:25,11:20,94
2026-09-25T02:01:04Z,kerst2026,ret,GRO,EIN,2027-01-02,222.99,08:45,10:55,99
2026-09-25T02:01:04Z,kerst2026,ret,GRO,EIN,2027-01-04,147.99,06:50,09:00,101
2026-09-25T04:01:04Z,kerst2026,out,EIN,GRO,2026-12-26,128.99,11:20,13:15,92
2026-09-25T04:01:04Z,kerst2026,out,EIN,GRO,2026-12-28,85.99,09:25,11:20,94
2026-09-25T04:01:04Z,kerst2026,ret,GRO,EIN,2027-01-02,222.99,08:45,10:55,99
2026-09-25T04:01:04Z,kerst2026,ret,GRO,EIN,2027-01-04,147.99,06:50,09:00,101
2026-09-25T06:01:00Z,kerst2026,out,EIN,GRO,2026-12-26,128.99,11:20,13:15,92
2026-09-25T06:01:00Z,kerst2026,out,EIN,GRO,2026-12-28,85.99,09:25,11:20,94
2026-09-25T06:01:00Z,kerst2026,ret,GRO,EIN,2027-01-02,222.99,08:45,10:55,99
2026-09-25T06:01:00Z,kerst2026,ret,GRO,EIN,2027-01-04,147.99,06:50,09:00,101
2026-09-25T08:01:01Z,kerst2026,out,EIN,GRO,2026-12-26,127.99,11:20,13:15,92
2026-09-25T08:01:01Z,kerst2026,out,EIN,GRO,2026-12-28,85.99,09:25,11:20,94
2026-09-25T08:01:01Z,kerst2026,ret,GRO,EIN,2027-01-02,220.99,08:45,10:55,99
2026-09-25T08:01:01Z,kerst2026,ret,GRO,EIN,2027-01-04,147.99,06:50,09:00,101
2026-09-25T10:01:15Z,kerst2026,out,EIN,GRO,2026-12-26,124.99,11:20,13:15,92
2026-09-25T10:01:15Z,kerst2026,out,EIN,GRO,2026-12-28,85.99,09:25,11:20,94
2026-09-25T10:01:15Z,kerst2026,ret,GRO,EIN,2027-01-02,220.99,08:45,10:55,99
2026-09-25T10:01:15Z,kerst2026,ret,GRO,EIN,2027-01-04,147.99,06:50,09:00,101
2026-09-25T12:01:16Z,kerst2026,out,EIN,GRO,2026-12-26,124.99,11:20,13:15,92
2026-09-25T12:01:16Z,kerst2026,out,EIN,GRO,2026-12-28,85.99,09:25,11:20,94
2026-09-25T12:01:16Z,kerst2026,ret,GRO,EIN,2027-01-02,220.99,08:45,10:55,99
2026-09-25T12:01:16Z,kerst2026,ret,GRO,EIN,2027-01-04,147.99,06:50,09:00,101
2026-09-25T14:01:19Z,kerst2026,out,EIN,GRO,2026-12-26,124.99,11:20,13:15,92
2026-09-25T14:01:19Z,kerst2026,out,EIN,GRO,2026-12-28,77.99,09:25,11:20,94
2026-09-25T14:01:19Z,kerst2026,ret,GRO,EIN,2027-01-02,220.99,08:45,10:55,99
2026-09-25T14:01:19Z,kerst2026,ret,GRO,EIN,2027-01-04,147.99,06:50,09:00,101
2026-09-25T16:01:29Z,kerst2026,out,EIN,GRO,2026-12-26,124.99,11:20,13:15,92
2026-09-25T16:01:29Z,kerst2026,out,EIN,GRO,2026-12-28,77.99,09:25,11:20,94
2026-09-25T16:01:29Z,kerst2026,ret,GRO,EIN,2027-01-02,225.99,08:45,10:55,99
2026-09-25T16:01:29Z,kerst2026,ret,GRO,EIN,2027-01-04,147.99,06:50,09:00,101
2026-09-25T18:00:56Z,kerst2026,out,EIN,GRO,2026-12-26,124.99,11:20,13:15,92
2026-09-25T18:00:56Z,kerst2026,out,EIN,GRO,2026-12-28,77.99,09:25,11:20,94
2026-09-25T18:00:56Z,kerst2026,ret,GRO,EIN,2027-01-02,225.99,08:45,10:55,99
2026-09-25T18:00:56Z,kerst2026,ret,GRO,EIN,2027-01-04,147.99,06:50,09:00,101
2026-09-25T20:00:57Z,kerst2026,out,EIN,GRO,2026-12-26,124.99,11:20,13:15,92
2026-09-25T20:00:57Z,kerst2026,out,EIN,GRO,2026-12-28,79.99,09:25,11:20,94
2026-09-25T20:00:57Z,kerst2026,ret,GRO,EIN,2027-01-02,225.99,08:45,10:55,99
2026-09-25T20:00:57Z,kerst2026,ret,GRO,EIN,2027-01-04,147.99,06:50,09:00,101
2026-09-25T22:01:02Z,kerst2026,out,EIN,GRO,2026-12-26,124.99,11:20,13:15,92
2026-09-25T22:01:02Z,kerst2026,out,EIN,GRO,2026-12-28,79.99,09:25,11:20,94
2026-09-25T22:01:02Z,kerst2026,ret,GRO,EIN,2027-01-02,225.99,08:45,10:55,99
2026-09-25T22:01:02Z,kerst2026,ret,GRO,EIN,2027-01-04,147.99,06:50,09:00,101
2026-09-26T00:01:07Z,kerst2026,out,EIN,GRO,2026-12-26,124.99,11:20,13:15,91
2026-09-26T00:01:07Z,kerst2026,out,EIN,GRO,2026-12-28,79.99,09:25,11:20,93
2026-09-26T00:01:07Z,kerst2026,ret,GRO,EIN,2027-01-02,225.99,08:45,10:55,98
2026-09-26T00:01:07Z,kerst2026,ret,GRO,EIN,2027-01-04,147.99,06:50,09:00,100
2026-09-26T02:01:00Z,kerst2026,out,EIN,GRO,2026-12-26,124.99,11:20,13:15,91
2026-09-26T02:01:00Z,kerst2026,out,EIN,GRO,2026-12-28,79.99,09:25,11:20,93
2026-09-26T02:01:00Z,kerst2026,ret,GRO,EIN,2027-01-02,225.99,08:45,10:55,98
2026-09-26T02:01:00Z,kerst2026,ret,GRO,EIN,2027-01-04,147.99,06:50,09:00,100
2026-09-26T04:01:08Z,kerst2026,out,EIN,GRO,2026-12-26,124.99,11:20,13:15,91
2026-09-26T04:01:08Z,kerst2026,out,EIN,GRO,2026-12-28,79.99,09:25,11:20,93
2026-09-26T04:01:08Z,kerst2026,ret,GRO,EIN,2027-01-02,225.99,08:45,10:55,98
2026-09-26T04:01:08Z,kerst2026,ret,GRO,EIN,2027-01-04,147.99,06:50,09:00,100
2026-09-26T06:01:23Z,kerst2026,out,EIN,GRO,2026-12-26,124.99,11:20,13:15,91
2026-09-26T06:01:23Z,kerst2026,out,EIN,GRO,2026-12-28,79.99,09:25,11:20,93
2026-09-26T06:01:23Z,kerst2026,ret,GRO,EIN,2027-01-02,225.99,08:45,10:55,98
2026-09-26T06:01:23Z,kerst2026,ret,GRO,EIN,2027-01-04,147.99,06:50,09:00,100
2026-09-26T08:00:53Z,kerst2026,out,EIN,GRO,2026-12-26,122.99,11:20,13:15,91
2026-09-26T08:00:53Z,kerst2026,out,EIN,GRO,2026-12-28,79.99,09:25,11:20,93
2026-09-26T08:00:53Z,kerst2026,ret,GRO,EIN,2027-01-02,229.99,08:45,10:55,98
2026-09-26T08:00:53Z,kerst2026,ret,GRO,EIN,2027-01-04,147.99,06:50,09:00,100
2026-09-26T10:00:54Z,kerst2026,out,EIN,GRO,2026-12-26,122.99,11:20,13:15,91
2026-09-26T10:00:54Z,kerst2026,out,EIN,GRO,2026-12-28,81.99,09:25,11:20,93
2026-09-26T10:00:54Z,kerst2026,ret,GRO,EIN,2027-01-02,229.99,08:45,10:55,98
2026-09-26T10:00:54Z,kerst2026,ret,GRO,EIN,2027-01-04,147.99,06:50,09:00,100
2026-09-26T12:00:49Z,kerst2026,out,EIN,GRO,2026-12-26,122.99,11:20,13:15,91
2026-09-26T12:00:49Z,kerst2026,out,EIN,GRO,2026-12-28,81.99,09:25,11:20,93
2026-09-26T12:00:49Z,kerst2026,ret,GRO,EIN,2027-01-02,229.99,08:45,10:55,98
2026-09-26T12:00:49Z,kerst2026,ret,GRO,EIN,2027-01-04,147.99,06:50,09:00,100
2026-09-26T14:00:53Z,kerst2026,out,EIN,GRO,2026-12-26,122.99,11:20,13:15,91
2026-09-26T14:00:53Z,kerst2026,out,EIN,GRO,2026-12-28,81.99,09:25,11:20,93
2026-09-26T14:00:53Z,kerst2026,ret,GRO,EIN,2027-01-02,229.99,08:45,10:55,98
2026-09-26T14:00:53Z,kerst2026,ret,GRO,EIN,2027-01-04,147.99,06:50,09:00,100
2026-09-26T16:01:16Z,kerst2026,out,EIN,GRO,2026-12-26,122.99,11:20,13:15,91
2026-09-26T16:01:16Z,kerst2026,out,EIN,GRO,2026-12-28,81.99,09:25,11:20,93
2026-09-26T16:01:16Z,kerst2026,ret,GRO,EIN,2027-01-02,231.99,08:45,10:55,98
2026-09-26T16:01:16Z,kerst2026,ret,GRO,EIN,2027-01-04,147.99,06:50,09:00,100
2026-09-26T18:01:29Z,kerst2026,out,EIN,GRO,2026-12-26,122.99,11:20,13:15,91
2026-09-26T18:01:29Z,kerst2026,out,EIN,GRO,2026-12-28,81.99,09:25,11:20,93
2026-09-26T18:01:29Z,kerst2026,ret,GRO,EIN,2027-01-02,231.99,08:45,10:55,98
2026-09-26T18:01:29Z,kerst2026,ret,GRO,EIN,2027-01-04,147.99,06:50,09:00,100
2026-09-26T20:00:55Z,kerst2026,out,EIN,GRO,2026-12-26,122.99,11:20,13:15,91
2026-09-26T20:00:55Z,kerst2026,out,EIN,GRO,2026-12-28,81.99,09:25,11:20,93
2026-09-26T20:00:55Z,kerst2026,ret,GRO,EIN,2027-01-02,231.99,08:45,10:55,98
2026-09-26T20:00:55Z,kerst2026,ret,GRO,EIN,2027-01-04,147.99,06:50,09:00,100
2026-09-26T22:00:55Z,kerst2026,out,EIN,GRO,2026-12-26,122.99,11:20,13:15,91
2026-09-26T22:00:55Z,kerst2026,out,EIN,GRO,2026-12-28,81.99,09:25,11:20,93
2026-09-26T22:00:55Z,kerst2026,ret,GRO,EIN,2027-01-02,231.99,08:45,10:55,98
2026-09-26T22:00:55Z,kerst2026,ret,GRO,EIN,2027-01-04,147.99,06:50,09:00,100
2026-09-27T00:01:12Z,kerst2026,out,EIN,GRO,2026-12-26,122.99,11:20,13:15,90
2026-09-27T00:01:12Z,kerst2026,out,EIN,GRO,2026-12-28,81.99,09:25,11:20,92
2026-09-27T00:01:12Z,kerst2026,ret,GRO,EIN,2027-01-02,231.99,08:45,10:55,97
2026-09-27T00:01:12Z,kerst2026,ret,GRO,EIN,2027-01-04,147.99,06:50,09:00,99
2026-09-27T02:01:02Z,kerst2026,out,EIN,GRO,2026-12-26,122.99,11:20,13:15,90
2026-09-27T02:01:02Z,kerst2026,out,EIN,GRO,2026-12-28,81.99,09:25,11:20,92
2026-09-27T02:01:02Z,kerst2026,ret,GRO,EIN,2027-01-02,231.99,08:45,10:55,97
2026-09-27T02:01:02Z,kerst2026,ret,GRO,EIN,2027-01-04,147.99,06:50,09:00,99
2026-09-27T04:00:57Z,kerst2026,out,EIN,GRO,2026-12-26,122.99,11:20,13:15,90
2026-09-27T04:00:57Z,kerst2026,out,EIN,GRO,2026-12-28,81.99,09:25,11:20,92
2026-09-27T04:00:57Z,kerst2026,ret,GRO,EIN,2027-01-02,231.99,08:45,10:55,97
2026-09-27T04:00:57Z,kerst2026,ret,GRO,EIN,2027-01-04,147.99,06:50,09:00,99
2026-09-27T06:01:24Z,kerst2026,out,EIN,GRO,2026-12-26,122.99,11:20,13:15,90
2026-09-27T06:01:24Z,kerst2026,out,EIN,GRO,2026-12-28,81.99,09:25,11:20,92
2026-09-27T06:01:24Z,kerst2026,ret,GRO,EIN,2027-01-02,231.99,08:45,10:55,97
2026-09-27T06:01:24Z,kerst2026,ret,GRO,EIN,2027-01-04,147.99,06:50,09:00,99
2026-09-27T08:00:52Z,kerst2026,out,EIN,GRO,2026-12-26,120.99,11:20,13:15,90
2026-09-27T08:00:52Z,kerst2026,out,EIN,GRO,2026-12-28,81.99,09:25,11:20,92
2026-09-27T08:00:52Z,kerst2026,ret,GRO,EIN,2027-01-02,231.99,08:45,10:55,97
2026-09-27T08:00:52Z,kerst2026,ret,GRO,EIN,2027-01-04,147.99,06:50,09:00,99
2026-09-27T10:01:01Z,kerst2026,out,EIN,GRO,2026-12-26,120.99,11:20,13:15,90
2026-09-27T10:01:01Z,kerst2026,out,EIN,GRO,2026-12-28,81.99,09:25,11:20,92
2026-09-27T10:01:01Z,kerst2026,ret,GRO,EIN,2027-01-02,231.99,08:45,10:55,97
2026-09-27T10:01:01Z,kerst2026,ret,GRO,EIN,2027-01-04,147.99,06:50,09:00,99
2026-09-27T12:01:01Z,kerst2026,out,EIN,GRO,2026-12-26,120.99,11:20,13:15,90
2026-09-27T12:01:01Z,kerst2026,out,EIN,GRO,2026-12-28,81.99,09:25,11:20,92
2026-09-27T12:01:01Z,kerst2026,ret,GRO,EIN,2027-01-02,231.99,08:45,10:55,97
2026-09-27T12:01:01Z,kerst2026,ret,GRO,EIN,2027-01-04,147.99,06:50,09:00,99
2026-09-27T14:00:57Z,kerst2026,out,EIN,GRO,2026-12-26,120.99,11:20,13:15,90
2026-09-27T14:00:57Z,kerst2026,out,EIN,GRO,2026-12-28,81.99,09:25,11:20,92
2026-09-27T14:00:57Z,kerst2026,ret,GRO,EIN,2027-01-02,231.99,08:45,10:55,97
2026-09-27T14:00:57Z,kerst2026,ret,GRO,EIN,2027-01-04,147.99,06:50,09:00,99
2026-09-27T16:01:13Z,kerst2026,out,EIN,GRO,2026-12-26,125.99,11:20,13:15,90
2026-09-27T16:01:13Z,kerst2026,out,EIN,GRO,2026-12-28,81.99,09:25,11:20,92
2026-09-27T16:01:13Z,kerst2026,ret,GRO,EIN,2027-01-02,231.99,08:45,10:55,97
2026-09-27T16:01:13Z,kerst2026,ret,GRO,EIN,2027-01-04,147.99,06:50,09:00,99
2026-09-27T18:01:21Z,kerst2026,out,EIN,GRO,2026-12-26,125.99,11:20,13:15,90
2026-09-27T18:01:21Z,kerst2026,out,EIN,GRO,2026-12-28,81.99,09:25,11:20,92
2026-09-27T18:01:21Z,kerst2026,ret,GRO,EIN,2027-01-02,231.99,08:45,10:55,97
2026-09-27T18:01:21Z,kerst2026,ret,GRO,EIN,2027-01-04,147.99,06:50,09:00,99
2026-09-27T20:01:07Z,kerst2026,out,EIN,GRO,2026-12-26,125.99,11:20,13:15,90
2026-09-27T20:01:07Z,kerst2026,out,EIN,GRO,2026-12-28,81.99,09:25,11:20,92
2026-09-27T20:01:07Z,kerst2026,ret,GRO,EIN,2027-01-02,231.99,08:45,10:55,97
2026-09-27T20:01:07Z,kerst2026,ret,GRO,EIN,2027-01-04,147.99,06:50,09:00,99
2026-09-27T22:00:55Z,kerst2026,out,EIN,GRO,2026-12-26,125.99,11:20,13:15,90
2026-09-27T22:00:55Z,kerst2026,out,EIN,GRO,2026-12-28,81.99,09:25,11:20,92
2026-09-27T22:00:55Z,kerst2026,ret,GRO,EIN,2027-01-02,231.99,08:45,10:55,97
2026-09-27T22:00:55Z,kerst2026,ret,GRO,EIN,2027-01-04,147.99,06:50,09:00,99
2026-09-28T00:01:03Z,kerst2026,out,EIN,GRO,2026-12-26,125.99,11:20,13:15,89
2026-09-28T00:01:03Z,kerst2026,out,EIN,GRO,2026-12-28,81.99,09:25,11:20,91
2026-09-28T00:01:03Z,kerst2026,ret,GRO,EIN,2027-01-02,231.99,08:45,10:55,96
2026-09-28T00:01:03Z,kerst2026,ret,GRO,EIN,2027-01-04,147.99,06:50,09:00,98
2026-09-28T02:01:41Z,kerst2026,out,EIN,GRO,2026-12-26,125.99,11:20,13:15,89
2026-09-28T02:01:41Z,kerst2026,out,EIN,GRO,2026-12-28,81.99,09:25,11:20,91
2026-09-28T02:01:41Z,kerst2026,ret,GRO,EIN,2027-01-02,231.99,08:45,10:55,96
2026-09-28T02:01:41Z,kerst2026,ret,GRO,EIN,2027-01-04,147.99,06:50,09:00,98
2026-09-28T04:02:00Z,kerst2026,out,EIN,GRO,2026-12-26,125.99,11:20,13:15,89
2026-09-28T04:02:00Z,kerst2026,out,EIN,GRO,2026-12-28,81.99,09:25,11:20,91
2026-09-28T04:02:00Z,kerst2026,ret,GRO,EIN,2027-01-02,231.99,08:45,10:55,96
2026-09-28T04:02:00Z,kerst2026,ret,GRO,EIN,2027-01-04,147.99,06:50,09:00,98
2026-09-28T06:01:19Z,kerst2026,out,EIN,GRO,2026-12-26,125.99,11:20,13:15,89
2026-09-28T06:01:19Z,kerst2026,out,EIN,GRO,2026-12-28,81.99,09:25,11:20,91
2026-09-28T06:01:19Z,kerst2026,ret,GRO,EIN,2027-01-02,231.99,08:45,10:55,96
2026-09-28T06:01:19Z,kerst2026,ret,GRO,EIN,2027-01-04,147.99,06:50,09:00,98
2026-09-28T08:03:02Z,kerst2026,out,EIN,GRO,2026-12-26,126.99,11:20,13:15,89
2026-09-28T08:03:02Z,kerst2026,out,EIN,GRO,2026-12-28,81.99,09:25,11:20,91
2026-09-28T08:03:02Z,kerst2026,ret,GRO,EIN,2027-01-02,229.99,08:45,10:55,96
2026-09-28T08:03:02Z,kerst2026,ret,GRO,EIN,2027-01-04,147.99,06:50,09:00,98
2026-09-28T10:02:56Z,kerst2026,out,EIN,GRO,2026-12-26,126.99,11:20,13:15,89
2026-09-28T10:02:56Z,kerst2026,out,EIN,GRO,2026-12-28,81.99,09:25,11:20,91
2026-09-28T10:02:56Z,kerst2026,ret,GRO,EIN,2027-01-02,229.99,08:45,10:55,96
2026-09-28T10:02:56Z,kerst2026,ret,GRO,EIN,2027-01-04,147.99,06:50,09:00,98
2026-09-28T12:01:14Z,kerst2026,out,EIN,GRO,2026-12-26,126.99,11:20,13:15,89
2026-09-28T12:01:14Z,kerst2026,out,EIN,GRO,2026-12-28,81.99,09:25,11:20,91
2026-09-28T12:01:14Z,kerst2026,ret,GRO,EIN,2027-01-02,229.99,08:45,10:55,96
2026-09-28T12:01:14Z,kerst2026,ret,GRO,EIN,2027-01-04,147.99,06:50,09:00,98
2026-09-28T14:03:53Z,kerst2026,out,EIN,GRO,2026-12-26,126.99,11:20,13:15,89
2026-09-28T14:03:53Z,kerst2026,out,EIN,GRO,2026-12-28,81.99,09:25,11:20,91
2026-09-28T14:03:53Z,kerst2026,ret,GRO,EIN,2027-01-02,228.99,08:45,10:55,96
2026-09-28T14:03:53Z,kerst2026,ret,GRO,EIN,2027-01-04,147.99,06:50,09:00,98
2026-09-28T16:03:47Z,kerst2026,out,EIN,GRO,2026-12-26,126.99,11:20,13:15,89
2026-09-28T16:03:47Z,kerst2026,out,EIN,GRO,2026-12-28,81.99,09:25,11:20,91
2026-09-28T16:03:47Z,kerst2026,ret,GRO,EIN,2027-01-02,228.99,08:45,10:55,96
2026-09-28T16:03:47Z,kerst2026,ret,GRO,EIN,2027-01-04,147.99,06:50,09:00,98
2026-09-28T18:01:46Z,kerst2026,out,EIN,GRO,2026-12-26,126.99,11:20,13:15,89
2026-09-28T18:01:46Z,kerst2026,out,EIN,GRO,2026-12-28,83.99,09:25,11:20,91
2026-09-28T18:01:46Z,kerst2026,ret,GRO,EIN,2027-01-02,231.99,08:45,10:55,96
2026-09-28T18:01:46Z,kerst2026,ret,GRO,EIN,2027-01-04,147.99,06:50,09:00,98
2026-09-28T20:01:08Z,kerst2026,out,EIN,GRO,2026-12-26,126.99,11:20,13:15,89
2026-09-28T20:01:08Z,kerst2026,out,EIN,GRO,2026-12-28,83.99,09:25,11:20,91
2026-09-28T20:01:08Z,kerst2026,ret,GRO,EIN,2027-01-02,231.99,08:45,10:55,96
2026-09-28T20:01:08Z,kerst2026,ret,GRO,EIN,2027-01-04,147.99,06:50,09:00,98
2026-09-28T22:00:57Z,kerst2026,out,EIN,GRO,2026-12-26,126.99,11:20,13:15,89
2026-09-28T22:00:57Z,kerst2026,out,EIN,GRO,2026-12-28,83.99,09:25,11:20,91
2026-09-28T22:00:57Z,kerst2026,ret,GRO,EIN,2027-01-02,231.99,08:45,10:55,96
2026-09-28T22:00:57Z,kerst2026,ret,GRO,EIN,2027-01-04,147.99,06:50,09:00,98
2026-09-29T00:01:28Z,kerst2026,out,EIN,GRO,2026-12-26,126.99,11:20,13:15,88
2026-09-29T00:01:28Z,kerst2026,out,EIN,GRO,2026-12-28,83.99,09:25,11:20,90
2026-09-29T00:01:28Z,kerst2026,ret,GRO,EIN,2027-01-02,231.99,08:45,10:55,95
2026-09-29T00:01:28Z,kerst2026,ret,GRO,EIN,2027-01-04,147.99,06:50,09:00,97
2026-09-29T02:01:29Z,kerst2026,out,EIN,GRO,2026-12-26,126.99,11:20,13:15,88
2026-09-29T02:01:29Z,kerst2026,out,EIN,GRO,2026-12-28,83.99,09:25,11:20,90
2026-09-29T02:01:29Z,kerst2026,ret,GRO,EIN,2027-01-02,231.99,08:45,10:55,95
2026-09-29T02:01:29Z,kerst2026,ret,GRO,EIN,2027-01-04,147.99,06:50,09:00,97
2026-09-29T04:01:27Z,kerst2026,out,EIN,GRO,2026-12-26,126.99,11:20,13:15,88
2026-09-29T04:01:27Z,kerst2026,out,EIN,GRO,2026-12-28,83.99,09:25,11:20,90
2026-09-29T04:01:27Z,kerst2026,ret,GRO,EIN,2027-01-02,231.99,08:45,10:55,95
2026-09-29T04:01:27Z,kerst2026,ret,GRO,EIN,2027-01-04,147.99,06:50,09:00,97
2026-09-29T06:02:06Z,kerst2026,out,EIN,GRO,2026-12-26,126.99,11:20,13:15,88
2026-09-29T06:02:06Z,kerst2026,out,EIN,GRO,2026-12-28,83.99,09:25,11:20,90
2026-09-29T06:02:06Z,kerst2026,ret,GRO,EIN,2027-01-02,231.99,08:45,10:55,95
2026-09-29T06:02:06Z,kerst2026,ret,GRO,EIN,2027-01-04,147.99,06:50,09:00,97
2026-09-29T08:03:13Z,kerst2026,out,EIN,GRO,2026-12-26,122.99,11:20,13:15,88
2026-09-29T08:03:13Z,kerst2026,out,EIN,GRO,2026-12-28,83.99,09:25,11:20,90
2026-09-29T08:03:13Z,kerst2026,ret,GRO,EIN,2027-01-02,232.99,08:45,10:55,95
2026-09-29T08:03:13Z,kerst2026,ret,GRO,EIN,2027-01-04,147.99,06:50,09:00,97
2026-09-29T10:02:23Z,kerst2026,out,EIN,GRO,2026-12-26,118.99,11:20,13:15,88
2026-09-29T10:02:23Z,kerst2026,out,EIN,GRO,2026-12-28,83.99,09:25,11:20,90
2026-09-29T10:02:23Z,kerst2026,ret,GRO,EIN,2027-01-02,232.99,08:45,10:55,95
2026-09-29T10:02:23Z,kerst2026,ret,GRO,EIN,2027-01-04,147.99,06:50,09:00,97
2026-09-29T12:02:25Z,kerst2026,out,EIN,GRO,2026-12-26,118.99,11:20,13:15,88
2026-09-29T12:02:25Z,kerst2026,out,EIN,GRO,2026-12-28,83.99,09:25,11:20,90
2026-09-29T12:02:25Z,kerst2026,ret,GRO,EIN,2027-01-02,232.99,08:45,10:55,95
2026-09-29T12:02:25Z,kerst2026,ret,GRO,EIN,2027-01-04,147.99,06:50,09:00,97
2026-09-29T14:03:52Z,kerst2026,out,EIN,GRO,2026-12-26,118.99,11:20,13:15,88
2026-09-29T14:03:52Z,kerst2026,out,EIN,GRO,2026-12-28,83.99,09:25,11:20,90
2026-09-29T14:03:52Z,kerst2026,ret,GRO,EIN,2027-01-02,232.99,08:45,10:55,95
2026-09-29T14:03:52Z,kerst2026,ret,GRO,EIN,2027-01-04,147.99,06:50,09:00,97
2026-09-29T16:03:22Z,kerst2026,out,EIN,GRO,2026-12-26,118.99,11:20,13:15,88
2026-09-29T16:03:22Z,kerst2026,out,EIN,GRO,2026-12-28,85.99,09:25,11:20,90
2026-09-29T16:03:22Z,kerst2026,ret,GRO,EIN,2027-01-02,232.99,08:45,10:55,95
2026-09-29T16:03:22Z,kerst2026,ret,GRO,EIN,2027-01-04,147.99,06:50,09:00,97
2026-09-29T18:03:22Z,kerst2026,out,EIN,GRO,2026-12-26,118.99,11:20,13:15,88
2026-09-29T18:03:22Z,kerst2026,out,EIN,GRO,2026-12-28,85.99,09:25,11:20,90
2026-09-29T18:03:22Z,kerst2026,ret,GRO,EIN,2027-01-02,232.99,08:45,10:55,95
2026-09-29T18:03:22Z,kerst2026,ret,GRO,EIN,2027-01-04,147.99,06:50,09:00,97
2026-09-29T20:02:31Z,kerst2026,out,EIN,GRO,2026-12-26,118.99,11:20,13:15,88
2026-09-29T20:02:31Z,kerst2026,out,EIN,GRO,2026-12-28,85.99,09:25,11:20,90
2026-09-29T20:02:31Z,kerst2026,ret,GRO,EIN,2027-01-02,232.99,08:45,10:55,95
2026-09-29T20:02:31Z,kerst2026,ret,GRO,EIN,2027-01-04,147.99,06:50,09:00,97
2026-09-29T22:01:04Z,kerst2026,out,EIN,GRO,2026-12-26,118.99,11:20,13:15,88
2026-09-29T22:01:04Z,kerst2026,out,EIN,GRO,2026-12-28,87.99,09:25,11:20,90
2026-09-29T22:01:04Z,kerst2026,ret,GRO,EIN,2027-01-02,232.99,08:45,10:55,95
2026-09-29T22:01:04Z,kerst2026,ret,GRO,EIN,2027-01-04,147.99,06:50,09:00,97
2026-09-30T00:01:08Z,kerst2026,out,EIN,GRO,2026-12-26,118.99,11:20,13:15,87
2026-09-30T00:01:08Z,kerst2026,out,EIN,GRO,2026-12-28,87.99,09:25,11:20,89
2026-09-30T00:01:08Z,kerst2026,ret,GRO,EIN,2027-01-02,232.99,08:45,10:55,94
2026-09-30T00:01:08Z,kerst2026,ret,GRO,EIN,2027-01-04,147.99,06:50,09:00,96
2026-09-30T02:02:30Z,kerst2026,out,EIN,GRO,2026-12-26,118.99,11:20,13:15,87
2026-09-30T02:02:30Z,kerst2026,out,EIN,GRO,2026-12-28,87.99,09:25,11:20,89
2026-09-30T02:02:30Z,kerst2026,ret,GRO,EIN,2027-01-02,232.99,08:45,10:55,94
2026-09-30T02:02:30Z,kerst2026,ret,GRO,EIN,2027-01-04,147.99,06:50,09:00,96
2026-09-30T04:02:05Z,kerst2026,out,EIN,GRO,2026-12-26,118.99,11:20,13:15,87
2026-09-30T04:02:05Z,kerst2026,out,EIN,GRO,2026-12-28,87.99,09:25,11:20,89
2026-09-30T04:02:05Z,kerst2026,ret,GRO,EIN,2027-01-02,232.99,08:45,10:55,94
2026-09-30T04:02:05Z,kerst2026,ret,GRO,EIN,2027-01-04,147.99,06:50,09:00,96
2026-09-30T06:01:54Z,kerst2026,out,EIN,GRO,2026-12-26,118.99,11:20,13:15,87
2026-09-30T06:01:54Z,kerst2026,out,EIN,GRO,2026-12-28,87.99,09:25,11:20,89
2026-09-30T06:01:54Z,kerst2026,ret,GRO,EIN,2027-01-02,232.99,08:45,10:55,94
2026-09-30T06:01:54Z,kerst2026,ret,GRO,EIN,2027-01-04,147.99,06:50,09:00,96
2026-09-30T08:03:33Z,kerst2026,out,EIN,GRO,2026-12-26,114.99,11:20,13:15,87
2026-09-30T08:03:33Z,kerst2026,out,EIN,GRO,2026-12-28,87.99,09:25,11:20,89
2026-09-30T08:03:33Z,kerst2026,ret,GRO,EIN,2027-01-02,229.99,08:45,10:55,94
2026-09-30T08:03:33Z,kerst2026,ret,GRO,EIN,2027-01-04,147.99,06:50,09:00,96
2026-09-30T10:03:08Z,kerst2026,out,EIN,GRO,2026-12-26,114.99,11:20,13:15,87
2026-09-30T10:03:08Z,kerst2026,out,EIN,GRO,2026-12-28,87.99,09:25,11:20,89
2026-09-30T10:03:08Z,kerst2026,ret,GRO,EIN,2027-01-02,229.99,08:45,10:55,94
2026-09-30T10:03:08Z,kerst2026,ret,GRO,EIN,2027-01-04,147.99,06:50,09:00,96
2026-09-30T12:02:43Z,kerst2026,out,EIN,GRO,2026-12-26,124.99,11:20,13:15,87
2026-09-30T12:02:43Z,kerst2026,out,EIN,GRO,2026-12-28,77.99,09:25,11:20,89
2026-09-30T12:02:43Z,kerst2026,ret,GRO,EIN,2027-01-02,229.99,08:45,10:55,94
2026-09-30T12:02:43Z,kerst2026,ret,GRO,EIN,2027-01-04,147.99,06:50,09:00,96
2026-09-30T14:05:07Z,kerst2026,out,EIN,GRO,2026-12-26,119.99,11:20,13:15,87
2026-09-30T14:05:07Z,kerst2026,out,EIN,GRO,2026-12-28,66.99,09:25,11:20,89
2026-09-30T14:05:07Z,kerst2026,ret,GRO,EIN,2027-01-02,229.99,08:45,10:55,94
2026-09-30T14:05:07Z,kerst2026,ret,GRO,EIN,2027-01-04,147.99,06:50,09:00,96
2026-09-30T16:03:56Z,kerst2026,out,EIN,GRO,2026-12-26,119.99,11:20,13:15,87
2026-09-30T16:03:56Z,kerst2026,out,EIN,GRO,2026-12-28,68.99,09:25,11:20,89
2026-09-30T16:03:56Z,kerst2026,ret,GRO,EIN,2027-01-02,229.99,08:45,10:55,94
2026-09-30T16:03:56Z,kerst2026,ret,GRO,EIN,2027-01-04,147.99,06:50,09:00,96
2026-09-30T18:02:21Z,kerst2026,out,EIN,GRO,2026-12-26,119.99,11:20,13:15,87
2026-09-30T18:02:21Z,kerst2026,out,EIN,GRO,2026-12-28,68.99,09:25,11:20,89
2026-09-30T18:02:21Z,kerst2026,ret,GRO,EIN,2027-01-02,229.99,08:45,10:55,94
2026-09-30T18:02:21Z,kerst2026,ret,GRO,EIN,2027-01-04,147.99,06:50,09:00,96
2026-09-30T20:01:37Z,kerst2026,out,EIN,GRO,2026-12-26,119.99,11:20,13:15,87
2026-09-30T20:01:37Z,kerst2026,out,EIN,GRO,2026-12-28,68.99,09:25,11:20,89
2026-09-30T20:01:37Z,kerst2026,ret,GRO,EIN,2027-01-02,229.99,08:45,10:55,94
2026-09-30T20:01:37Z,kerst2026,ret,GRO,EIN,2027-01-04,147.99,06:50,09:00,96
2026-09-30T22:01:51Z,kerst2026,out,EIN,GRO,2026-12-26,119.99,11:20,13:15,87
2026-09-30T22:01:51Z,kerst2026,out,EIN,GRO,2026-12-28,68.99,09:25,11:20,89
2026-09-30T22:01:51Z,kerst2026,ret,GRO,EIN,2027-01-02,229.99,08:45,10:55,94
2026-09-30T22:01:51Z,kerst2026,ret,GRO,EIN,2027-01-04,147.99,06:50,09:00,96
2026-10-01T00:00:55Z,kerst2026,out,EIN,GRO,2026-12-26,119.99,11:20,13:15,86
2026-10-01T00:00:55Z,kerst2026,out,EIN,GRO,2026-12-28,68.99,09:25,11:20,88
2026-10-01T00:00:55Z,kerst2026,ret,GRO,EIN,2027-01-02,229.99,08:45,10:55,93
2026-10-01T00:00:55Z,kerst2026,ret,GRO,EIN,2027-01-04,147.99,06:50,09:00,95
2026-10-01T02:02:22Z,kerst2026,out,EIN,GRO,2026-12-26,119.99,11:20,13:15,86
2026-10-01T02:02:22Z,kerst2026,out,EIN,GRO,2026-12-28,68.99,09:25,11:20,88
2026-10-01T02:02:22Z,kerst2026,ret,GRO,EIN,2027-01-02,229.99,08:45,10:55,93
2026-10-01T02:02:22Z,kerst2026,ret,GRO,EIN,2027-01-04,147.99,06:50,09:00,95
2026-10-01T04:02:53Z,kerst2026,out,EIN,GRO,2026-12-26,119.99,11:20,13:15,86
2026-10-01T04:02:53Z,kerst2026,out,EIN,GRO,2026-12-28,68.99,09:25,11:20,88
2026-10-01T04:02:53Z,kerst2026,ret,GRO,EIN,2027-01-02,229.99,08:45,10:55,93
2026-10-01T04:02:53Z,kerst2026,ret,GRO,EIN,2027-01-04,147.99,06:50,09:00,95
2026-10-01T06:04:05Z,kerst2026,out,EIN,GRO,2026-12-26,119.99,11:20,13:15,86
2026-10-01T06:04:05Z,kerst2026,out,EIN,GRO,2026-12-28,68.99,09:25,11:20,88
2026-10-01T06:04:05Z,kerst2026,ret,GRO,EIN,2027-01-02,229.99,08:45,10:55,93
2026-10-01T06:04:05Z,kerst2026,ret,GRO,EIN,2027-01-04,147.99,06:50,09:00,95
2026-10-01T08:03:30Z,kerst2026,out,EIN,GRO,2026-12-26,119.99,11:20,13:15,86
2026-10-01T08:03:30Z,kerst2026,out,EIN,GRO,2026-12-28,68.99,09:25,11:20,88
2026-10-01T08:03:30Z,kerst2026,ret,GRO,EIN,2027-01-02,227.99,08:45,10:55,93
2026-10-01T08:03:30Z,kerst2026,ret,GRO,EIN,2027-01-04,147.99,06:50,09:00,95
2026-10-01T10:04:16Z,kerst2026,out,EIN,GRO,2026-12-26,119.99,11:20,13:15,86
2026-10-01T10:04:16Z,kerst2026,out,EIN,GRO,2026-12-28,68.99,09:25,11:20,88
2026-10-01T10:04:16Z,kerst2026,ret,GRO,EIN,2027-01-02,227.99,08:45,10:55,93
2026-10-01T10:04:16Z,kerst2026,ret,GRO,EIN,2027-01-04,147.99,06:50,09:00,95
2026-10-01T12:03:56Z,kerst2026,out,EIN,GRO,2026-12-26,119.99,11:20,13:15,86
2026-10-01T12:03:56Z,kerst2026,out,EIN,GRO,2026-12-28,68.99,09:25,11:20,88
2026-10-01T12:03:56Z,kerst2026,ret,GRO,EIN,2027-01-02,227.99,08:45,10:55,93
2026-10-01T12:03:56Z,kerst2026,ret,GRO,EIN,2027-01-04,147.99,06:50,09:00,95
2026-10-01T14:04:23Z,kerst2026,out,EIN,GRO,2026-12-26,119.99,11:20,13:15,86
2026-10-01T14:04:23Z,kerst2026,out,EIN,GRO,2026-12-28,68.99,09:25,11:20,88
2026-10-01T14:04:23Z,kerst2026,ret,GRO,EIN,2027-01-02,227.99,08:45,10:55,93
2026-10-01T14:04:23Z,kerst2026,ret,GRO,EIN,2027-01-04,147.99,06:50,09:00,95
2026-10-01T16:02:31Z,kerst2026,out,EIN,GRO,2026-12-26,119.99,11:20,13:15,86
2026-10-01T16:02:31Z,kerst2026,out,EIN,GRO,2026-12-28,68.99,09:25,11:20,88
2026-10-01T16:02:31Z,kerst2026,ret,GRO,EIN,2027-01-02,227.99,08:45,10:55,93
2026-10-01T16:02:31Z,kerst2026,ret,GRO,EIN,2027-01-04,147.99,06:50,09:00,95
2026-10-01T18:03:46Z,kerst2026,out,EIN,GRO,2026-12-26,119.99,11:20,13:15,86
2026-10-01T18:03:46Z,kerst2026,out,EIN,GRO,2026-12-28,68.99,09:25,11:20,88
2026-10-01T18:03:46Z,kerst2026,ret,GRO,EIN,2027-01-02,244.99,08:45,10:55,93
2026-10-01T18:03:46Z,kerst2026,ret,GRO,EIN,2027-01-04,147.99,06:50,09:00,95
2026-10-01T20:01:31Z,kerst2026,out,EIN,GRO,2026-12-26,119.99,11:20,13:15,86
2026-10-01T20:01:31Z,kerst2026,out,EIN,GRO,2026-12-28,68.99,09:25,11:20,88
2026-10-01T20:01:31Z,kerst2026,ret,GRO,EIN,2027-01-02,244.99,08:45,10:55,93
2026-10-01T20:01:31Z,kerst2026,ret,GRO,EIN,2027-01-04,147.99,06:50,09:00,95
2026-10-01T22:01:31Z,kerst2026,out,EIN,GRO,2026-12-26,119.99,11:20,13:15,86
2026-10-01T22:01:31Z,kerst2026,out,EIN,GRO,2026-12-28,68.99,09:25,11:20,88
2026-10-01T22:01:31Z,kerst2026,ret,GRO,EIN,2027-01-02,244.99,08:45,10:55,93
2026-10-01T22:01:31Z,kerst2026,ret,GRO,EIN,2027-01-04,147.99,06:50,09:00,95
2026-10-02T00:01:22Z,kerst2026,out,EIN,GRO,2026-12-26,119.99,11:20,13:15,85
2026-10-02T00:01:22Z,kerst2026,out,EIN,GRO,2026-12-28,68.99,09:25,11:20,87
2026-10-02T00:01:22Z,kerst2026,ret,GRO,EIN,2027-01-02,244.99,08:45,10:55,92
2026-10-02T00:01:22Z,kerst2026,ret,GRO,EIN,2027-01-04,147.99,06:50,09:00,94
2026-10-02T02:02:47Z,kerst2026,out,EIN,GRO,2026-12-26,119.99,11:20,13:15,85
2026-10-02T02:02:47Z,kerst2026,out,EIN,GRO,2026-12-28,68.99,09:25,11:20,87
2026-10-02T02:02:47Z,kerst2026,ret,GRO,EIN,2027-01-02,244.99,08:45,10:55,92
2026-10-02T02:02:47Z,kerst2026,ret,GRO,EIN,2027-01-04,147.99,06:50,09:00,94
2026-10-02T04:02:57Z,kerst2026,out,EIN,GRO,2026-12-26,119.99,11:20,13:15,85
2026-10-02T04:02:57Z,kerst2026,out,EIN,GRO,2026-12-28,68.99,09:25,11:20,87
2026-10-02T04:02:57Z,kerst2026,ret,GRO,EIN,2027-01-02,244.99,08:45,10:55,92
2026-10-02T04:02:57Z,kerst2026,ret,GRO,EIN,2027-01-04,147.99,06:50,09:00,94
2026-10-02T06:02:16Z,kerst2026,out,EIN,GRO,2026-12-26,119.99,11:20,13:15,85
2026-10-02T06:02:16Z,kerst2026,out,EIN,GRO,2026-12-28,68.99,09:25,11:20,87
2026-10-02T06:02:16Z,kerst2026,ret,GRO,EIN,2027-01-02,244.99,08:45,10:55,92
2026-10-02T06:02:16Z,kerst2026,ret,GRO,EIN,2027-01-04,147.99,06:50,09:00,94
2026-10-02T08:03:12Z,kerst2026,out,EIN,GRO,2026-12-26,118.99,11:20,13:15,85
2026-10-02T08:03:12Z,kerst2026,out,EIN,GRO,2026-12-28,68.99,09:25,11:20,87
2026-10-02T08:03:12Z,kerst2026,ret,GRO,EIN,2027-01-02,244.99,08:45,10:55,92
2026-10-02T08:03:12Z,kerst2026,ret,GRO,EIN,2027-01-04,147.99,06:50,09:00,94
2026-10-02T10:01:17Z,kerst2026,out,EIN,GRO,2026-12-26,118.99,11:20,13:15,85
2026-10-02T10:01:17Z,kerst2026,out,EIN,GRO,2026-12-28,68.99,09:25,11:20,87
2026-10-02T10:01:17Z,kerst2026,ret,GRO,EIN,2027-01-02,244.99,08:45,10:55,92
2026-10-02T10:01:17Z,kerst2026,ret,GRO,EIN,2027-01-04,147.99,06:50,09:00,94
2026-10-02T12:02:21Z,kerst2026,out,EIN,GRO,2026-12-26,118.99,11:20,13:15,85
2026-10-02T12:02:21Z,kerst2026,out,EIN,GRO,2026-12-28,68.99,09:25,11:20,87
2026-10-02T12:02:21Z,kerst2026,ret,GRO,EIN,2027-01-02,244.99,08:45,10:55,92
2026-10-02T12:02:21Z,kerst2026,ret,GRO,EIN,2027-01-04,147.99,06:50,09:00,94
2026-10-02T14:03:23Z,kerst2026,out,EIN,GRO,2026-12-26,118.99,11:20,13:15,85
2026-10-02T14:03:23Z,kerst2026,out,EIN,GRO,2026-12-28,68.99,09:25,11:20,87
2026-10-02T14:03:23Z,kerst2026,ret,GRO,EIN,2027-01-02,244.99,08:45,10:55,92
2026-10-02T14:03:23Z,kerst2026,ret,GRO,EIN,2027-01-04,147.99,06:50,09:00,94
2026-10-02T16:02:15Z,kerst2026,out,EIN,GRO,2026-12-26,121.99,11:20,13:15,85
2026-10-02T16:02:15Z,kerst2026,out,EIN,GRO,2026-12-28,68.99,09:25,11:20,87
2026-10-02T16:02:15Z,kerst2026,ret,GRO,EIN,2027-01-02,244.99,08:45,10:55,92
2026-10-02T16:02:15Z,kerst2026,ret,GRO,EIN,2027-01-04,147.99,06:50,09:00,94
2026-10-02T18:02:33Z,kerst2026,out,EIN,GRO,2026-12-26,121.99,11:20,13:15,85
2026-10-02T18:02:33Z,kerst2026,out,EIN,GRO,2026-12-28,70.99,09:25,11:20,87
2026-10-02T18:02:33Z,kerst2026,ret,GRO,EIN,2027-01-02,244.99,08:45,10:55,92
2026-10-02T18:02:33Z,kerst2026,ret,GRO,EIN,2027-01-04,147.99,06:50,09:00,94
2026-10-02T20:01:22Z,kerst2026,out,EIN,GRO,2026-12-26,121.99,11:20,13:15,85
2026-10-02T20:01:22Z,kerst2026,out,EIN,GRO,2026-12-28,70.99,09:25,11:20,87
2026-10-02T20:01:22Z,kerst2026,ret,GRO,EIN,2027-01-02,244.99,08:45,10:55,92
2026-10-02T20:01:22Z,kerst2026,ret,GRO,EIN,2027-01-04,147.99,06:50,09:00,94
2026-10-02T22:01:24Z,kerst2026,out,EIN,GRO,2026-12-26,121.99,11:20,13:15,85
2026-10-02T22:01:24Z,kerst2026,out,EIN,GRO,2026-12-28,70.99,09:25,11:20,87
2026-10-02T22:01:24Z,kerst2026,ret,GRO,EIN,2027-01-02,244.99,08:45,10:55,92
2026-10-02T22:01:24Z,kerst2026,ret,GRO,EIN,2027-01-04,147.99,06:50,09:00,94
2026-10-03T00:00:52Z,kerst2026,out,EIN,GRO,2026-12-26,121.99,11:20,13:15,84
2026-10-03T00:00:52Z,kerst2026,out,EIN,GRO,2026-12-28,70.99,09:25,11:20,86
2026-10-03T00:00:52Z,kerst2026,ret,GRO,EIN,2027-01-02,244.99,08:45,10:55,91
2026-10-03T00:00:52Z,kerst2026,ret,GRO,EIN,2027-01-04,147.99,06:50,09:00,93
2026-10-03T02:00:52Z,kerst2026,out,EIN,GRO,2026-12-26,121.99,11:20,13:15,84
2026-10-03T02:00:52Z,kerst2026,out,EIN,GRO,2026-12-28,70.99,09:25,11:20,86
2026-10-03T02:00:52Z,kerst2026,ret,GRO,EIN,2027-01-02,244.99,08:45,10:55,91
2026-10-03T02:00:52Z,kerst2026,ret,GRO,EIN,2027-01-04,147.99,06:50,09:00,93
2026-10-03T04:07:27Z,kerst2026,out,EIN,GRO,2026-12-26,121.99,11:20,13:15,84
2026-10-03T04:07:27Z,kerst2026,out,EIN,GRO,2026-12-28,70.99,09:25,11:20,86
2026-10-03T04:07:27Z,kerst2026,ret,GRO,EIN,2027-01-02,244.99,08:45,10:55,91
2026-10-03T04:07:27Z,kerst2026,ret,GRO,EIN,2027-01-04,147.99,06:50,09:00,93
2026-10-03T06:07:39Z,kerst2026,out,EIN,GRO,2026-12-26,121.99,11:20,13:15,84
2026-10-03T06:07:39Z,kerst2026,out,EIN,GRO,2026-12-28,70.99,09:25,11:20,86
2026-10-03T06:07:39Z,kerst2026,ret,GRO,EIN,2027-01-02,239.99,08:45,10:55,91
2026-10-03T06:07:39Z,kerst2026,ret,GRO,EIN,2027-01-04,147.99,06:50,09:00,93
2026-10-03T08:02:45Z,kerst2026,out,EIN,GRO,2026-12-26,121.99,11:20,13:15,84
2026-10-03T08:02:45Z,kerst2026,out,EIN,GRO,2026-12-28,70.99,09:25,11:20,86
2026-10-03T08:02:45Z,kerst2026,ret,GRO,EIN,2027-01-02,239.99,08:45,10:55,91
2026-10-03T08:02:45Z,kerst2026,ret,GRO,EIN,2027-01-04,147.99,06:50,09:00,93
2026-10-03T10:00:44Z,kerst2026,out,EIN,GRO,2026-12-26,126.99,11:20,13:15,84
2026-10-03T10:00:44Z,kerst2026,out,EIN,GRO,2026-12-28,70.99,09:25,11:20,86
2026-10-03T10:00:44Z,kerst2026,ret,GRO,EIN,2027-01-02,239.99,08:45,10:55,91
2026-10-03T10:00:44Z,kerst2026,ret,GRO,EIN,2027-01-04,147.99,06:50,09:00,93
2026-10-03T14:49:57Z,kerst2026,out,EIN,GRO,2026-12-26,126.99,11:20,13:15,84
2026-10-03T14:49:57Z,kerst2026,out,EIN,GRO,2026-12-28,70.99,09:25,11:20,86
2026-10-03T14:49:57Z,kerst2026,ret,GRO,EIN,2027-01-02,239.99,08:45,10:55,91
2026-10-03T14:49:57Z,kerst2026,ret,GRO,EIN,2027-01-04,147.99,06:50,09:00,93
2026-10-03T20:03:28Z,kerst2026,out,EIN,GRO,2026-12-26,126.99,11:20,13:15,84
2026-10-03T20:03:28Z,kerst2026,out,EIN,GRO,2026-12-28,70.99,09:25,11:20,86
2026-10-03T20:03:28Z,kerst2026,ret,GRO,EIN,2027-01-02,239.99,08:45,10:55,91
2026-10-03T20:03:28Z,kerst2026,ret,GRO,EIN,2027-01-04,147.99,06:50,09:00,93
2026-10-04T02:50:00Z,kerst2026,out,EIN,GRO,2026-12-26,126.99,11:20,13:15,83
2026-10-04T02:50:00Z,kerst2026,out,EIN,GRO,2026-12-28,70.99,09:25,11:20,85
2026-10-04T02:50:00Z,kerst2026,ret,GRO,EIN,2027-01-02,239.99,08:45,10:55,90
2026-10-04T02:50:00Z,kerst2026,ret,GRO,EIN,2027-01-04,147.99,06:50,09:00,92
2026-10-04T05:34:58Z,kerst2026,out,EIN,GRO,2026-12-26,126.99,11:20,13:15,83
2026-10-04T05:34:58Z,kerst2026,out,EIN,GRO,2026-12-28,70.99,09:25,11:20,85
2026-10-04T05:34:58Z,kerst2026,ret,GRO,EIN,2027-01-02,239.99,08:45,10:55,90
2026-10-04T05:34:58Z,kerst2026,ret,GRO,EIN,2027-01-04,147.99,06:50,09:00,92
2026-10-04T11:10:44Z,kerst2026,out,EIN,GRO,2026-12-26,118.99,11:20,13:15,83
2026-10-04T11:10:44Z,kerst2026,out,EIN,GRO,2026-12-28,70.99,09:25,11:20,85
2026-10-04T11:10:44Z,kerst2026,ret,GRO,EIN,2027-01-02,235.99,08:45,10:55,90
2026-10-04T11:10:44Z,kerst2026,ret,GRO,EIN,2027-01-04,147.99,06:50,09:00,92
2026-10-04T18:08:22Z,kerst2026,out,EIN,GRO,2026-12-26,133.99,11:20,13:15,83
2026-10-04T18:08:22Z,kerst2026,out,EIN,GRO,2026-12-28,71.99,09:25,11:20,85
2026-10-04T18:08:22Z,kerst2026,ret,GRO,EIN,2027-01-02,235.99,08:45,10:55,90
2026-10-04T18:08:22Z,kerst2026,ret,GRO,EIN,2027-01-04,147.99,06:50,09:00,92
2026-10-04T21:26:41Z,kerst2026,out,EIN,GRO,2026-12-26,133.99,11:20,13:15,83
2026-10-04T21:26:41Z,kerst2026,out,EIN,GRO,2026-12-28,71.99,09:25,11:20,85
2026-10-04T21:26:41Z,kerst2026,ret,GRO,EIN,2027-01-02,235.99,08:45,10:55,90
2026-10-04T21:26:41Z,kerst2026,ret,GRO,EIN,2027-01-04,147.99,06:50,09:00,92
2026-10-04T22:02:18Z,kerst2026,out,EIN,GRO,2026-12-26,133.99,11:20,13:15,83
2026-10-04T22:02:18Z,kerst2026,out,EIN,GRO,2026-12-28,71.99,09:25,11:20,85
2026-10-04T22:02:18Z,kerst2026,ret,GRO,EIN,2027-01-02,235.99,08:45,10:55,90
2026-10-04T22:02:18Z,kerst2026,ret,GRO,EIN,2027-01-04,147.99,06:50,09:00,92
2026-10-05T00:01:07Z,kerst2026,out,EIN,GRO,2026-12-26,133.99,11:20,13:15,82
2026-10-05T00:01:07Z,kerst2026,out,EIN,GRO,2026-12-28,71.99,09:25,11:20,84
2026-10-05T00:01:07Z,kerst2026,ret,GRO,EIN,2027-01-02,235.99,08:45,10:55,89
2026-10-05T00:01:07Z,kerst2026,ret,GRO,EIN,2027-01-04,147.99,06:50,09:00,91
2026-10-05T02:02:11Z,kerst2026,out,EIN,GRO,2026-12-26,133.99,11:20,13:15,82
2026-10-05T02:02:11Z,kerst2026,out,EIN,GRO,2026-12-28,71.99,09:25,11:20,84
2026-10-05T02:02:11Z,kerst2026,ret,GRO,EIN,2027-01-02,235.99,08:45,10:55,89
2026-10-05T02:02:11Z,kerst2026,ret,GRO,EIN,2027-01-04,147.99,06:50,09:00,91
2026-10-05T04:06:25Z,kerst2026,out,EIN,GRO,2026-12-26,133.99,11:20,13:15,82
2026-10-05T04:06:25Z,kerst2026,out,EIN,GRO,2026-12-28,71.99,09:25,11:20,84
2026-10-05T04:06:25Z,kerst2026,ret,GRO,EIN,2027-01-02,235.99,08:45,10:55,89
2026-10-05T04:06:25Z,kerst2026,ret,GRO,EIN,2027-01-04,147.99,06:50,09:00,91
2026-10-05T06:04:37Z,kerst2026,out,EIN,GRO,2026-12-26,135.99,11:20,13:15,82
2026-10-05T06:04:37Z,kerst2026,out,EIN,GRO,2026-12-28,71.99,09:25,11:20,84
2026-10-05T06:04:37Z,kerst2026,ret,GRO,EIN,2027-01-02,235.99,08:45,10:55,89
2026-10-05T06:04:37Z,kerst2026,ret,GRO,EIN,2027-01-04,147.99,06:50,09:00,91
2026-10-05T08:03:49Z,kerst2026,out,EIN,GRO,2026-12-26,135.99,11:20,13:15,82
2026-10-05T08:03:49Z,kerst2026,out,EIN,GRO,2026-12-28,71.99,09:25,11:20,84
2026-10-05T08:03:49Z,kerst2026,ret,GRO,EIN,2027-01-02,233.99,08:45,10:55,89
2026-10-05T08:03:49Z,kerst2026,ret,GRO,EIN,2027-01-04,147.99,06:50,09:00,91
2026-10-05T10:04:55Z,kerst2026,out,EIN,GRO,2026-12-26,135.99,11:20,13:15,82
2026-10-05T10:04:55Z,kerst2026,out,EIN,GRO,2026-12-28,71.99,09:25,11:20,84
2026-10-05T10:04:55Z,kerst2026,ret,GRO,EIN,2027-01-02,233.99,08:45,10:55,89
2026-10-05T10:04:55Z,kerst2026,ret,GRO,EIN,2027-01-04,147.99,06:50,09:00,91
2026-10-05T12:03:22Z,kerst2026,out,EIN,GRO,2026-12-26,135.99,11:20,13:15,82
2026-10-05T12:03:22Z,kerst2026,out,EIN,GRO,2026-12-28,71.99,09:25,11:20,84
2026-10-05T12:03:22Z,kerst2026,ret,GRO,EIN,2027-01-02,233.99,08:45,10:55,89
2026-10-05T12:03:22Z,kerst2026,ret,GRO,EIN,2027-01-04,147.99,06:50,09:00,91
2026-10-05T14:05:46Z,kerst2026,out,EIN,GRO,2026-12-26,138.99,11:20,13:15,82
2026-10-05T14:05:46Z,kerst2026,out,EIN,GRO,2026-12-28,71.99,09:25,11:20,84
2026-10-05T14:05:46Z,kerst2026,ret,GRO,EIN,2027-01-02,233.99,08:45,10:55,89
2026-10-05T14:05:46Z,kerst2026,ret,GRO,EIN,2027-01-04,147.99,06:50,09:00,91
2026-10-05T16:02:36Z,kerst2026,out,EIN,GRO,2026-12-26,138.99,11:20,13:15,82
2026-10-05T16:02:36Z,kerst2026,out,EIN,GRO,2026-12-28,71.99,09:25,11:20,84
2026-10-05T16:02:36Z,kerst2026,ret,GRO,EIN,2027-01-02,233.99,08:45,10:55,89
2026-10-05T16:02:36Z,kerst2026,ret,GRO,EIN,2027-01-04,147.99,06:50,09:00,91
2026-10-05T18:03:54Z,kerst2026,out,EIN,GRO,2026-12-26,138.99,11:20,13:15,82
2026-10-05T18:03:54Z,kerst2026,out,EIN,GRO,2026-12-28,71.99,09:25,11:20,84
2026-10-05T18:03:54Z,kerst2026,ret,GRO,EIN,2027-01-02,233.99,08:45,10:55,89
2026-10-05T18:03:54Z,kerst2026,ret,GRO,EIN,2027-01-04,147.99,06:50,09:00,91
2026-10-05T22:02:43Z,kerst2026,out,EIN,GRO,2026-12-26,138.99,11:20,13:15,82
2026-10-05T22:02:43Z,kerst2026,out,EIN,GRO,2026-12-28,73.99,09:25,11:20,84
2026-10-05T22:02:43Z,kerst2026,ret,GRO,EIN,2027-01-02,233.99,08:45,10:55,89
2026-10-05T22:02:43Z,kerst2026,ret,GRO,EIN,2027-01-04,147.99,06:50,09:00,91
2026-10-06T00:01:22Z,kerst2026,out,EIN,GRO,2026-12-26,138.99,11:20,13:15,81
2026-10-06T00:01:22Z,kerst2026,out,EIN,GRO,2026-12-28,73.99,09:25,11:20,83
2026-10-06T00:01:22Z,kerst2026,ret,GRO,EIN,2027-01-02,233.99,08:45,10:55,88
2026-10-06T00:01:22Z,kerst2026,ret,GRO,EIN,2027-01-04,147.99,06:50,09:00,90
2026-10-06T02:02:07Z,kerst2026,out,EIN,GRO,2026-12-26,138.99,11:20,13:15,81
2026-10-06T02:02:07Z,kerst2026,out,EIN,GRO,2026-12-28,73.99,09:25,11:20,83
2026-10-06T02:02:07Z,kerst2026,ret,GRO,EIN,2027-01-02,233.99,08:45,10:55,88
2026-10-06T02:02:07Z,kerst2026,ret,GRO,EIN,2027-01-04,147.99,06:50,09:00,90
2026-10-06T04:03:14Z,kerst2026,out,EIN,GRO,2026-12-26,138.99,11:20,13:15,81
2026-10-06T04:03:14Z,kerst2026,out,EIN,GRO,2026-12-28,73.99,09:25,11:20,83
2026-10-06T04:03:14Z,kerst2026,ret,GRO,EIN,2027-01-02,233.99,08:45,10:55,88
2026-10-06T04:03:14Z,kerst2026,ret,GRO,EIN,2027-01-04,147.99,06:50,09:00,90
2026-10-06T06:02:30Z,kerst2026,out,EIN,GRO,2026-12-26,138.99,11:20,13:15,81
2026-10-06T06:02:30Z,kerst2026,out,EIN,GRO,2026-12-28,73.99,09:25,11:20,83
2026-10-06T06:02:30Z,kerst2026,ret,GRO,EIN,2027-01-02,233.99,08:45,10:55,88
2026-10-06T06:02:30Z,kerst2026,ret,GRO,EIN,2027-01-04,147.99,06:50,09:00,90
2026-10-06T08:03:37Z,kerst2026,out,EIN,GRO,2026-12-26,137.99,11:20,13:15,81
2026-10-06T08:03:37Z,kerst2026,out,EIN,GRO,2026-12-28,73.99,09:25,11:20,83
2026-10-06T08:03:37Z,kerst2026,ret,GRO,EIN,2027-01-02,229.99,08:45,10:55,88
2026-10-06T08:03:37Z,kerst2026,ret,GRO,EIN,2027-01-04,147.99,06:50,09:00,90
2026-10-06T10:02:59Z,kerst2026,out,EIN,GRO,2026-12-26,137.99,11:20,13:15,81
2026-10-06T10:02:59Z,kerst2026,out,EIN,GRO,2026-12-28,73.99,09:25,11:20,83
2026-10-06T10:02:59Z,kerst2026,ret,GRO,EIN,2027-01-02,229.99,08:45,10:55,88
2026-10-06T10:02:59Z,kerst2026,ret,GRO,EIN,2027-01-04,147.99,06:50,09:00,90
2026-10-06T12:02:55Z,kerst2026,out,EIN,GRO,2026-12-26,137.99,11:20,13:15,81
2026-10-06T12:02:55Z,kerst2026,out,EIN,GRO,2026-12-28,79.99,09:25,11:20,83
2026-10-06T12:02:55Z,kerst2026,ret,GRO,EIN,2027-01-02,229.99,08:45,10:55,88
2026-10-06T12:02:55Z,kerst2026,ret,GRO,EIN,2027-01-04,147.99,06:50,09:00,90
